Title,Date,URL
وزير العدل يدعو إلى حذف ظروف تخفيف الأحكام ضد مغتصبي الأطفال,الإثنين 17 أبريل 2023 - 17:00,https://www.hespress.com/%d9%88%d9%87%d8%a8%d9%8a-%d9%8a%d8%af%d8%b9%d9%88-%d8%a5%d9%84%d9%89-%d8%ad%d8%b0%d9%81-%d8%b8%d8%b1%d9%88%d9%81-%d8%aa%d8%ae%d9%81%d9%8a%d9%81-%d9%85%d8%ba%d8%aa%d8%b5%d8%a8%d9%8a-%d8%a7%d9%84%d8%a3-1155956.html
"الجيش يصدر بلاغا بشأن “الأسد الإفريقي""",الإثنين 17 أبريل 2023 - 15:11,https://www.hespress.com/%d8%a7%d9%84%d8%ac%d9%8a%d8%b4-%d9%8a%d8%b5%d8%af%d8%b1-%d8%a8%d9%84%d8%a7%d8%ba%d8%a7-%d8%a8%d8%b4%d8%a3%d9%86-%d8%a7%d9%84%d8%a3%d8%b3%d8%af-%d8%a7%d9%84%d8%a5%d9%81%d8%b1%d9%8a%d9%82%d9%8a-1155932.html
بنموسى: جودة الإطعام المدرسي تخضع للمراقبة.. والميزانية ترتفع بـ18 بالمائة,الإثنين 17 أبريل 2023 - 15:00,https://www.hespress.com/%d8%a8%d9%86%d9%85%d9%88%d8%b3%d9%89-%d8%a7%d9%84%d8%a5%d8%b7%d8%b9%d8%a7%d9%85-%d8%a7%d9%84%d9%85%d8%af%d8%b1%d8%b3%d9%8a-%d9%8a%d8%ae%d8%b6%d8%b9-%d9%84%d9%85%d8%b1%d8%a7%d9%82%d8%a8%d8%a9-%d8%a7-1155876.html
المغرب يتوافق مع العراق لإرجاع امرأتين وطفلة.. إجراءات تسبق الترحيل,الإثنين 17 أبريل 2023 - 11:55,https://www.hespress.com/%d8%a7%d9%84%d9%85%d8%ba%d8%b1%d8%a8-%d9%8a%d8%aa%d9%88%d8%a7%d9%81%d9%82-%d9%85%d8%b9-%d8%a7%d9%84%d8%b9%d8%b1%d8%a7%d9%82-%d9%84%d8%a5%d8%b1%d8%ac%d8%a7%d8%b9-%d8%a7%d9%85%d8%b1%d8%a3%d8%aa%d9%8a-1155799.html
إجراءات أممية تتصدى لأكاذيب الجزائر والبوليساريو في مجلس الأمن الدولي,الإثنين 17 أبريل 2023 - 10:00,https://www.hespress.com/%d8%a5%d8%ac%d8%b1%d8%a7%d8%a1%d8%a7%d8%aa-%d8%a3%d9%85%d9%85%d9%8a%d8%a9-%d8%aa%d8%aa%d8%b5%d8%af%d9%89-%d9%84%d8%a3%d9%83%d8%a7%d8%b0%d9%8a%d8%a8-%d8%a7%d9%84%d8%ac%d8%b2%d8%a7%d8%a6%d8%b1-%d9%88-1155443.html
النزاع السوداني يفرز مخاوف .. والمغرب ينأى عن التدخل في الشؤون الداخلية,الإثنين 17 أبريل 2023 - 09:00,https://www.hespress.com/%d8%a7%d9%84%d9%86%d8%b2%d8%a7%d8%b9-%d8%a7%d9%84%d8%b3%d9%88%d8%af%d8%a7%d9%86%d9%8a-%d9%8a%d9%81%d8%b1%d8%b2-%d9%85%d8%ae%d8%a7%d9%88%d9%81-%d9%88%d8%a7%d9%84%d9%85%d8%ba%d8%b1%d8%a8-%d9%8a%d9%86-1155584.html
نظام العسكر في الجزائر يواصل تصريف الأزمات الداخلية باستهداف المغرب,الإثنين 17 أبريل 2023 - 06:00,https://www.hespress.com/%d9%86%d8%b8%d8%a7%d9%85-%d8%a7%d9%84%d8%b9%d8%b3%d9%83%d8%b1-%d9%81%d9%8a-%d8%a7%d9%84%d8%ac%d8%b2%d8%a7%d8%a6%d8%b1-%d9%8a%d9%88%d8%a7%d8%b5%d9%84-%d8%aa%d8%b5%d8%b1%d9%8a%d9%81-%d8%a7%d9%84%d8%a3-1155318.html
"بنكيران ينتقد إصرار الحكومة على الصمت ويشيد بقرار استيراد ""بقر البرازيل""",الأحد 16 أبريل 2023 - 20:00,https://www.hespress.com/%d8%a8%d9%86%d9%83%d9%8a%d8%b1%d8%a7%d9%86-%d9%8a%d9%86%d8%aa%d9%82%d8%af-%d8%a5%d8%b5%d8%b1%d8%a7%d8%b1-%d8%a7%d9%84%d8%ad%d9%83%d9%88%d9%85%d8%a9-%d8%b9%d9%84%d9%89-%d8%a7%d9%84%d8%b5%d9%85%d8%aa-1155421.html
"مفتي تنزانيا يحاضر في ""رمزية إمارة المؤمنين"" أمام الملك محمد السادس",الأحد 16 أبريل 2023 - 19:00,https://www.hespress.com/%d9%85%d9%81%d8%aa%d9%8a-%d8%aa%d9%86%d8%b2%d8%a7%d9%86%d9%8a%d8%a7-%d9%8a%d8%ad%d8%a7%d8%b6%d8%b1-%d9%81%d9%8a-%d8%b1%d9%85%d8%b2%d9%8a%d8%a9-%d8%a5%d9%85%d8%a7%d8%b1%d8%a9-%d8%a7%d9%84%d9%85%d8%a4-1155460.html
بنسعيد: علاقتي بالاستثمار قانونية .. وأعرف جيدا حاجيات الجالية المغربية,الأحد 16 أبريل 2023 - 18:00,https://www.hespress.com/%d8%a8%d9%86%d8%b3%d8%b9%d9%8a%d8%af-%d8%b9%d9%84%d8%a7%d9%82%d8%aa%d9%8a-%d8%a8%d9%85%d9%8a%d8%af%d8%a7%d9%86-%d8%a7%d9%84%d8%a7%d8%b3%d8%aa%d8%ab%d9%85%d8%a7%d8%b1-%d9%82%d8%a7%d9%86%d9%88%d9%86-1154844.html
الملك يهنئ عاهلة الدنمارك بذكرى الميلاد,الأحد 16 أبريل 2023 - 15:07,https://www.hespress.com/%d8%a7%d9%84%d9%85%d9%84%d9%83-%d9%8a%d9%87%d9%86%d8%a6-%d8%b9%d8%a7%d9%87%d9%84%d8%a9-%d8%a7%d9%84%d8%af%d9%86%d9%85%d8%a7%d8%b1%d9%83-%d8%a8%d8%b0%d9%83%d8%b1%d9%89-%d8%a7%d9%84%d9%85%d9%8a%d9%84-1155310.html
‪أخنوش يدعو برلمانيي الأغلبية إلى أخذ المبادرة والتواصل مع المواطنين‬,الأحد 16 أبريل 2023 - 12:00,https://www.hespress.com/%e2%80%aa%d8%a3%d8%ae%d9%86%d9%88%d8%b4-%d9%8a%d8%af%d8%b9%d9%88-%d8%a8%d8%b1%d9%84%d9%85%d8%a7%d9%86%d9%8a%d9%8a-%d8%a7%d9%84%d8%a3%d8%ba%d9%84%d8%a8%d9%8a%d8%a9-%d8%a5%d9%84%d9%89-%d8%a3%d8%ae%d8%b0-1155200.html
ندوة تلامس العقيدة الدبلوماسية المغربية,الأحد 16 أبريل 2023 - 06:30,https://www.hespress.com/%d9%86%d8%af%d9%88%d8%a9-%d8%aa%d9%84%d8%a7%d9%85%d8%b3-%d8%a7%d9%84%d8%b9%d9%82%d9%8a%d8%af%d8%a9-%d8%a7%d9%84%d8%af%d8%a8%d9%84%d9%88%d9%85%d8%a7%d8%b3%d9%8a%d8%a9-%d8%a7%d9%84%d9%85%d8%ba%d8%b1-1155137.html
السعودية تتجاهل الجزائر في مشاورات جامعة الدول العربية بخصوص سوريا,السبت 15 أبريل 2023 - 22:00,https://www.hespress.com/%d8%a7%d9%84%d8%b3%d8%b9%d9%88%d8%af%d9%8a%d8%a9-%d8%aa%d8%aa%d8%ac%d8%a7%d9%87%d9%84-%d8%a7%d9%84%d8%ac%d8%b2%d8%a7%d8%a6%d8%b1-%d9%81%d9%8a-%d9%85%d8%b4%d8%a7%d9%88%d8%b1%d8%a7%d8%aa-%d8%ac%d8%a7-1154931.html
مجلس النواب ينبه اللجان إلى احترام الدستور المغربي ومسطرة التشريع,السبت 15 أبريل 2023 - 14:00,https://www.hespress.com/%d9%85%d8%ac%d9%84%d8%b3-%d8%a7%d9%84%d9%86%d9%88%d8%a7%d8%a8-%d9%8a%d9%86%d8%a8%d9%87-%d8%a7%d9%84%d9%84%d8%ac%d8%a7%d9%86-%d8%a5%d9%84%d9%89-%d8%b6%d8%b1%d9%88%d8%b1%d8%a9-%d8%a7%d8%ad%d8%aa%d8%b1-1154369.html
"كواليس اجتماع الأغلبية الحكومية.. التواصل والغلاء ومواجهة ""تبخيس المعارضة""",السبت 15 أبريل 2023 - 10:00,https://www.hespress.com/%d9%83%d9%88%d8%a7%d9%84%d9%8a%d8%b3-%d8%a7%d8%ac%d8%aa%d9%85%d8%a7%d8%b9-%d8%a7%d9%84%d8%a3%d8%ba%d9%84%d8%a8%d9%8a%d8%a9-%d8%a7%d9%84%d8%ad%d9%83%d9%88%d9%85%d9%8a%d8%a9-%d8%a7%d9%84%d8%aa%d9%88-1154618.html
تقرير يستعرض رهانات الدورة الربيعية للبرلمان.. الحريات والمسألة الاجتماعية,السبت 15 أبريل 2023 - 08:00,https://www.hespress.com/%d8%aa%d9%82%d8%b1%d9%8a%d8%b1-%d9%8a%d8%b3%d8%aa%d8%b9%d8%b1%d8%b6-%d8%b1%d9%87%d8%a7%d9%86%d8%a7%d8%aa-%d8%a7%d9%84%d8%af%d9%88%d8%b1%d8%a9-%d8%a7%d9%84%d8%b1%d8%a8%d9%8a%d8%b9%d9%8a%d8%a9-%d9%84-1154444.html
مهمة استطلاعية بمجلس النواب تستعد لإصدار تقرير حول الأحياء الجامعية,السبت 15 أبريل 2023 - 03:00,https://www.hespress.com/%d9%85%d9%87%d9%85%d8%a9-%d8%a7%d8%b3%d8%aa%d8%b7%d9%84%d8%a7%d8%b9%d9%8a%d8%a9-%d8%a8%d9%85%d8%ac%d9%84%d8%b3-%d8%a7%d9%84%d9%86%d9%88%d8%a7%d8%a8-%d8%aa%d8%b3%d8%aa%d8%b9%d8%af-%d9%84%d8%a5%d8%b5-1153991.html
مباحثات تجمع بوريطة ونظيره السعودي,الجمعة 14 أبريل 2023 - 23:08,https://www.hespress.com/%d9%85%d8%a8%d8%a7%d8%ad%d8%ab%d8%a7%d8%aa-%d8%aa%d8%ac%d9%85%d8%b9-%d8%a8%d9%88%d8%b1%d9%8a%d8%b7%d8%a9-%d9%88%d9%86%d8%b8%d9%8a%d8%b1%d9%87-%d8%a7%d9%84%d8%b3%d8%b9%d9%88%d8%af%d9%8a-1154562.html
أخنوش يراهن على مأسسة الحوار الاجتماعي,الجمعة 14 أبريل 2023 - 22:09,https://www.hespress.com/%d8%a3%d8%ae%d9%86%d9%88%d8%b4-%d9%8a%d8%b1%d8%a7%d9%87%d9%86-%d8%b9%d9%84%d9%89-%d9%85%d8%a3%d8%b3%d8%b3%d8%a9-%d8%a7%d9%84%d8%ad%d9%88%d8%a7%d8%b1-%d8%a7%d9%84%d8%a7%d8%ac%d8%aa%d9%85%d8%a7%d8%b9-1154531.html
"بوريطة يتابع عن كثب تعثر منح التأشيرات ويطالب باحترام ""طالبي الفيزا""",الجمعة 14 أبريل 2023 - 22:00,https://www.hespress.com/%d8%a8%d9%88%d8%b1%d9%8a%d8%b7%d8%a9-%d9%8a%d8%aa%d8%a7%d8%a8%d8%b9-%d8%b9%d9%86-%d9%83%d8%ab%d8%a8-%d8%aa%d8%b9%d8%ab%d8%b1-%d9%85%d9%86%d8%ad-%d8%a7%d9%84%d8%aa%d8%a3%d8%b4%d9%8a%d8%b1%d8%a7%d8%aa-1154509.html
أخنوش يتلقى مطالب الزيادة في الأجور.. ويُحْدث لجنة لدراسة المقترحات,الجمعة 14 أبريل 2023 - 20:00,https://www.hespress.com/%d8%a3%d8%ae%d9%86%d9%88%d8%b4-%d9%8a%d8%aa%d9%84%d9%82%d9%89-%d9%85%d8%b7%d8%a7%d9%84%d8%a8-%d8%a7%d9%84%d8%b2%d9%8a%d8%a7%d8%af%d8%a9-%d9%81%d9%8a-%d8%a7%d9%84%d8%a3%d8%ac%d9%88%d8%b1-%d9%88%d9%8a-1154511.html
الأغلبية تكشف إجراءات دعم القدرة الشرائية,الجمعة 14 أبريل 2023 - 18:11,https://www.hespress.com/%d8%a7%d9%84%d8%a3%d8%ba%d9%84%d8%a8%d9%8a%d8%a9-%d8%aa%d9%83%d8%b4%d9%81-%d8%a5%d8%ac%d8%b1%d8%a7%d8%a1%d8%a7%d8%aa-%d8%af%d8%b9%d9%85-%d8%a7%d9%84%d9%82%d8%af%d8%b1%d8%a9-%d8%a7%d9%84%d8%b4%d8%b1-1154428.html
"هذه حصيلة تفاعل الحكومة مع ""نواب الأمة"" خلال الولاية التشريعية الحالية‬",الجمعة 14 أبريل 2023 - 16:26,https://www.hespress.com/%d9%87%d8%b0%d9%87-%d8%ad%d8%b5%d9%8a%d9%84%d8%a9-%d8%aa%d9%81%d8%a7%d8%b9%d9%84-%d8%a7%d9%84%d8%ad%d9%83%d9%88%d9%85%d8%a9-%d9%85%d8%b9-%d9%86%d9%88%d8%a7%d8%a8-%d8%a7%d9%84%d8%a3%d9%85%d8%a9-1153802.html
ميارة يشيد بدعم إسبانيا للحكم الذاتي ويعلن إطلاق الترجمة الفورية للأمازيغية,الجمعة 14 أبريل 2023 - 15:00,https://www.hespress.com/%d9%85%d9%8a%d8%a7%d8%b1%d8%a9-%d9%8a%d8%b4%d9%8a%d8%af-%d8%a8%d8%af%d8%b9%d9%85-%d8%a5%d8%b3%d8%a8%d8%a7%d9%86%d9%8a%d8%a7-%d9%84%d9%84%d8%ad%d9%83%d9%85-%d8%a7%d9%84%d8%b0%d8%a7%d8%aa%d9%8a-%d9%88-1154324.html
الطالبي العلمي يدعو إلى تقوية الوحدة الوطنية في افتتاح الدورة الربيعية,الجمعة 14 أبريل 2023 - 14:00,https://www.hespress.com/%d8%a7%d9%84%d8%b7%d8%a7%d9%84%d8%a8%d9%8a-%d8%a7%d9%84%d8%b9%d9%84%d9%85%d9%8a-%d9%8a%d8%af%d8%b9%d9%88-%d8%a5%d9%84%d9%89-%d8%aa%d9%82%d9%88%d9%8a%d8%a9-%d8%a7%d9%84%d9%88%d8%ad%d8%af%d8%a9-%d8%a7-1154291.html
"المغرب يدخل نادي ""الردع الدفاعي"" في مواجهة التحديات الأمنية الحدودية",الجمعة 14 أبريل 2023 - 11:00,https://www.hespress.com/%d8%a7%d9%84%d9%85%d8%ba%d8%b1%d8%a8-%d9%8a%d8%af%d8%ae%d9%84-%d8%a5%d9%84%d9%89-%d9%86%d8%a7%d8%af%d9%8a-%d8%a7%d9%84%d8%b1%d8%af%d8%b9-%d8%a7%d9%84%d8%af%d9%81%d8%a7%d8%b9%d9%8a-%d9%81%d9%8a-1154127.html
"مواجهة التضخم والغلاء تتصدر أجندة الأغلبية والمعارضة في ""برلمان الربيع""",الجمعة 14 أبريل 2023 - 10:00,https://www.hespress.com/%d9%85%d9%88%d8%a7%d8%ac%d9%87%d8%a9-%d8%a7%d9%84%d8%aa%d8%b6%d8%ae%d9%85-%d9%88%d8%a7%d9%84%d8%ba%d9%84%d8%a7%d8%a1-%d8%aa%d8%aa%d8%b5%d8%af%d8%b1-%d8%a3%d8%ac%d9%86%d8%af%d8%a9-%d8%a7%d9%84%d8%a3-1154109.html
"الأغلبية الحكومية تجدد التماسك لمواجهة الأزمات ومواصلة ""نهج الإصلاحات""",الجمعة 14 أبريل 2023 - 08:00,https://www.hespress.com/%d8%a7%d9%84%d8%a3%d8%ba%d9%84%d8%a8%d9%8a%d8%a9-%d8%a7%d9%84%d8%ad%d9%83%d9%88%d9%85%d9%8a%d8%a9-%d8%aa%d8%ac%d8%af%d8%af-%d8%a7%d9%84%d8%aa%d9%85%d8%a7%d8%b3%d9%83-%d9%81%d9%8a-%d9%85%d9%88%d8%a7-1154172.html
مصادر أمريكية: الرباط تشترط الاعتراف بمغربية الصحراء للتطبيع مع نظام الأسد,الخميس 13 أبريل 2023 - 17:00,https://www.hespress.com/%d9%85%d8%b5%d8%a7%d8%af%d8%b1-%d8%a3%d9%85%d8%b1%d9%8a%d9%83%d9%8a%d8%a9-%d8%a7%d9%84%d8%b1%d8%a8%d8%a7%d8%b7-%d8%aa%d8%b4%d8%aa%d8%b1%d8%b7-%d8%a7%d9%84%d8%a7%d8%b9%d8%aa%d8%b1%d8%a7%d9%81-%d8%a8-1153935.html
أخنوش يُعلن إعفاء منتجات من الضريبة وإقرار إعانة للفلاحين في زراعة الشمندر,الخميس 13 أبريل 2023 - 14:37,https://www.hespress.com/%d8%a3%d8%ae%d9%86%d9%88%d8%b4-%d9%8a%d9%8f%d8%b9%d9%84%d9%86-%d8%a5%d8%b9%d9%81%d8%a7%d8%a1%d9%8b-%d8%b6%d8%b1%d9%8a%d8%a8%d9%8a%d8%a7%d9%8b-%d9%84%d9%84%d9%81%d9%84%d8%a7%d8%ad%d8%a9-%d9%84%d9%85-1153876.html
الدورة التشريعية الربيعية تفتح الأبواب أمام رهانات اقتصادية في المغرب,الخميس 13 أبريل 2023 - 11:00,https://www.hespress.com/%d8%a7%d9%84%d8%af%d9%88%d8%b1%d8%a9-%d8%a7%d9%84%d8%aa%d8%b4%d8%b1%d9%8a%d8%b9%d9%8a%d8%a9-%d8%a7%d9%84%d8%b1%d8%a8%d9%8a%d8%b9%d9%8a%d8%a9-%d8%aa%d9%81%d8%aa%d8%ad-%d8%a7%d9%84%d8%a3%d8%a8%d9%88-1153685.html
المعارضة النيابية تفشل في جمع توقيعات,الخميس 13 أبريل 2023 - 10:25,https://www.hespress.com/%d8%a7%d9%84%d9%85%d8%b9%d8%a7%d8%b1%d8%b6%d8%a9-%d8%a7%d9%84%d9%86%d9%8a%d8%a7%d8%a8%d9%8a%d8%a9-%d8%aa%d9%81%d8%b4%d9%84-%d9%81%d9%8a-%d8%ac%d9%85%d8%b9-%d8%aa%d9%88%d9%82%d9%8a%d8%b9%d8%a7%d8%aa-1153318.html
"‪إسبانيا تتوجس من امتلاك الجيش المغربي صواريخ ""هيمارس"" الأمريكية المدمرة‬",الخميس 13 أبريل 2023 - 10:00,https://www.hespress.com/%e2%80%aa%d8%a5%d8%b3%d8%a8%d8%a7%d9%86%d9%8a%d8%a7-%d8%aa%d8%aa%d9%88%d8%ac%d8%b3-%d9%85%d9%86-%d8%a7%d9%85%d8%aa%d9%84%d8%a7%d9%83-%d8%a7%d9%84%d8%ac%d9%8a%d8%b4-%d8%a7%d9%84%d9%85%d8%ba%d8%b1%d8%a8-1153590.html
"‪لجنة برلمانية بـ""المستشارين"" تستعد لإصدار تقرير حول إكراهات التعليم العالي",الخميس 13 أبريل 2023 - 08:00,https://www.hespress.com/%e2%80%aa%d9%84%d8%ac%d9%86%d8%a9-%d8%a8%d8%b1%d9%84%d9%85%d8%a7%d9%86%d9%8a%d8%a9-%d8%a8%d9%80%d8%a7%d9%84%d9%85%d8%b3%d8%aa%d8%b4%d8%a7%d8%b1%d9%8a%d9%86-%d8%aa%d8%b3%d8%aa%d8%b9%d8%af-%d9%84-1153603.html
الحكومة تراهن على نجاح الأوراش الصحية بتوفير الإمكانيات المادية والبشرية,الخميس 13 أبريل 2023 - 06:00,https://www.hespress.com/%d8%a7%d9%84%d8%ad%d9%83%d9%88%d9%85%d8%a9-%d8%aa%d8%b1%d8%a7%d9%87%d9%86-%d8%b9%d9%84%d9%89-%d9%86%d8%ac%d8%a7%d8%ad-%d9%88%d8%b1%d8%b4-%d8%a7%d9%84%d8%b5%d8%ad%d8%a9-%d8%ae%d8%a8%d9%8a%d8%b1-1153548.html
"‪بوصوف ينبش في ""رئاسيات الجزائر"".. مدخل للديمقراطية أم عرقلة للمغرب؟‬",الخميس 13 أبريل 2023 - 05:00,https://www.hespress.com/%e2%80%aa%d8%a8%d9%88%d8%b5%d9%88%d9%81-%d9%8a%d9%86%d8%a8%d8%b4-%d9%81%d9%8a-%d8%b1%d8%a6%d8%a7%d8%b3%d9%8a%d8%a7%d8%aa-%d8%a7%d9%84%d8%ac%d8%b2%d8%a7%d8%a6%d8%b1-%d9%85%d8%af%d8%ae%d9%84-1153608.html
قضاء فرنسا يرفض قبول دعاوى المغرب,الأربعاء 12 أبريل 2023 - 15:36,https://www.hespress.com/%d9%85%d8%ad%d9%83%d9%85%d8%a9-%d8%a7%d9%84%d8%a7%d8%b3%d8%aa%d8%a6%d9%86%d8%a7%d9%81-%d8%a8%d8%a8%d8%a7%d8%b1%d9%8a%d8%b3-%d8%aa%d8%b1%d9%81%d8%b6-%d8%af%d8%b9%d8%a7%d9%88%d9%89-%d8%a7%d9%84%d9%85-1153395.html
"الآجال الدستورية تمنع الأغلبية النيابية من التراجع عن ""تصويت ضد الحكومة""",الأربعاء 12 أبريل 2023 - 13:00,https://www.hespress.com/%d8%a7%d9%84%d8%a2%d8%ac%d8%a7%d9%84-%d8%a7%d9%84%d8%af%d8%b3%d8%aa%d9%88%d8%b1%d9%8a%d8%a9-%d8%aa%d9%85%d9%86%d8%b9-%d8%a7%d9%84%d8%a3%d8%ba%d9%84%d8%a8%d9%8a%d8%a9-%d8%a7%d9%84%d9%86%d9%8a%d8%a7-1153253.html
"خبير في الشؤون العسكرية: المغرب أول متسلح بصواريخ ""هيمارس"" في إفريقيا",الأربعاء 12 أبريل 2023 - 12:00,https://www.hespress.com/%d8%ae%d8%a8%d9%8a%d8%b1-%d9%81%d9%8a-%d8%a7%d9%84%d8%b4%d8%a4%d9%88%d9%86-%d8%a7%d9%84%d8%b9%d8%b3%d9%83%d8%b1%d9%8a%d8%a9-%d8%a7%d9%84%d9%85%d8%ba%d8%b1%d8%a8-%d8%a3%d9%88%d9%84-%d9%85%d8%aa%d8%b3-1153235.html
"‪تجاوزات ""البوليساريو"" تخيم على جلسة مجلس الأمن حول الصّحراء المغربية‬",الأربعاء 12 أبريل 2023 - 10:00,https://www.hespress.com/%e2%80%aa%d8%aa%d8%ac%d8%a7%d9%88%d8%b2%d8%a7%d8%aa-%d8%a7%d9%84%d8%a8%d9%88%d9%84%d9%8a%d8%b3%d8%a7%d8%b1%d9%8a%d9%88-%d8%aa%d8%ae%d9%8a%d9%85-%d8%b9%d9%84%d9%89-%d8%ac%d9%84%d8%b3%d8%a9-%d9%85-1153026.html
أخنوش يجتمع بالنقابات للنظر في مطالب رفع الأجور وإلغاء الاقتطاعات الضريبية‬,الأربعاء 12 أبريل 2023 - 09:00,https://www.hespress.com/%d8%a3%d8%ae%d9%86%d9%88%d8%b4-%d9%8a%d8%ac%d8%aa%d9%85%d8%b9-%d8%a8%d8%a7%d9%84%d9%86%d9%82%d8%a7%d8%a8%d8%a7%d8%aa-%d9%84%d9%84%d9%86%d8%b8%d8%b1-%d9%81%d9%8a-%d9%85%d8%b7%d8%a7%d9%84%d8%a8-%d8%b1-1153124.html
ميراوي يحيل ملحقة جرسيف على الجامعة,الأربعاء 12 أبريل 2023 - 08:15,https://www.hespress.com/%d9%85%d9%8a%d8%b1%d8%a7%d9%88%d9%8a-%d9%8a%d8%ad%d9%8a%d9%84-%d9%85%d9%84%d8%ad%d9%82%d8%a9-%d8%ac%d8%b1%d8%b3%d9%8a%d9%81-%d8%b9%d9%84%d9%89-%d8%a7%d9%84%d8%ac%d8%a7%d9%85%d8%b9%d8%a9-1152978.html
"فرق المعارضة تحشد لتقصي الحقائق حول ""واقعة استيراد الغازوال الروسي""",الأربعاء 12 أبريل 2023 - 06:00,https://www.hespress.com/%d8%a7%d9%84%d9%85%d8%b9%d8%a7%d8%b1%d8%b6%d8%a9-%d8%aa%d8%ad%d8%b4%d8%af-%d9%84%d9%84%d8%aa%d9%82%d8%b5%d9%8a-%d9%81%d9%8a-%d9%88%d9%82%d9%88%d8%af-%d8%b1%d9%88%d8%b3%d9%8a%d8%a7-1152611.html
"هكذا يلفق نظام الجزائر الواقع والتاريخ لتحقيق ""غايات خبيثة"" ضد المغرب",الأربعاء 12 أبريل 2023 - 05:00,https://www.hespress.com/%d9%87%d9%83%d8%b0%d8%a7-%d9%8a%d9%84%d9%81%d9%82-%d9%86%d8%b8%d8%a7%d9%85-%d8%a7%d9%84%d8%ac%d8%b2%d8%a7%d8%a6%d8%b1-%d8%a7%d9%84%d9%88%d8%a7%d9%82%d8%b9-%d9%88%d8%a7%d9%84%d8%aa%d8%a7%d8%b1%d9%8a-1153128.html
"صفقة تاريخية.. أمريكا توافق على بيع أنظمة صواريخ ""هيمارس"" للمغرب",الثلاثاء 11 أبريل 2023 - 20:54,https://www.hespress.com/%d8%b5%d9%81%d9%82%d8%a9-%d8%aa%d8%a7%d8%b1%d9%8a%d8%ae%d9%8a%d8%a9-%d8%a3%d9%85%d8%b1%d9%8a%d9%83%d8%a7-%d8%aa%d9%88%d8%a7%d9%81%d9%82-%d8%b9%d9%84%d9%89-%d8%a8%d9%8a%d8%b9-%d8%a3%d9%86%d8%b8%d9%85-1152996.html
ميارة يتباحث مع رئيس مجلس الشيوخ بكندا,الثلاثاء 11 أبريل 2023 - 18:39,https://www.hespress.com/%d9%85%d9%8a%d8%a7%d8%b1%d8%a9-%d9%8a%d8%aa%d8%a8%d8%a7%d8%ad%d8%ab-%d9%85%d8%b9-%d8%b1%d8%a6%d9%8a%d8%b3-%d9%85%d8%ac%d9%84%d8%b3-%d8%a7%d9%84%d8%b4%d9%8a%d9%88%d8%ae-%d8%a8%d9%83%d9%86%d8%af%d8%a7-1152915.html
أول اجتماع لمشروع الربط القاري منذ 2009,الثلاثاء 11 أبريل 2023 - 16:11,https://www.hespress.com/%d8%a3%d9%88%d9%84-%d8%a7%d8%ac%d8%aa%d9%85%d8%a7%d8%b9-%d9%84%d9%85%d8%b4%d8%b1%d9%88%d8%b9-%d8%a7%d9%84%d8%b1%d8%a8%d8%b7-%d8%a7%d9%84%d9%82%d8%a7%d8%b1%d9%8a-%d9%85%d9%86%d8%b0-2009-1152810.html
"تصويت لجنة برلمانية بالإجماع ضد ""مشروع حكومي"" يثير زوبعة سياسية",الثلاثاء 11 أبريل 2023 - 16:00,https://www.hespress.com/%d8%aa%d8%b5%d9%88%d9%8a%d8%aa-%d9%84%d8%ac%d9%86%d8%a9-%d8%a8%d8%b1%d9%84%d9%85%d8%a7%d9%86%d9%8a%d8%a9-%d8%a8%d8%a7%d9%84%d8%a5%d8%ac%d9%85%d8%a7%d8%b9-%d8%b6%d8%af-%d9%85%d8%b4%d8%b1%d9%88%d8%b9-1152786.html
الغلاء يبدد خلافات النهج وفيدرالية اليسار,الثلاثاء 11 أبريل 2023 - 12:28,https://www.hespress.com/%d8%a7%d9%84%d8%ba%d9%84%d8%a7%d8%a1-%d9%8a%d8%a8%d8%af%d8%af-%d8%ae%d9%84%d8%a7%d9%81%d8%a7%d8%aa-%d8%a7%d9%84%d9%86%d9%87%d8%ac-%d9%88%d9%81%d9%8a%d8%af%d8%b1%d8%a7%d9%84%d9%8a%d8%a9-%d8%a7%d9%84-1152664.html
اللجنة الوطنية لتنسيق التعليم العالي تناقش الإصلاح البيداغوجي بجامعات المغرب,الثلاثاء 11 أبريل 2023 - 11:00,https://www.hespress.com/%d8%a7%d9%84%d9%84%d8%ac%d9%86%d8%a9-%d8%a7%d9%84%d9%88%d8%b7%d9%86%d9%8a%d8%a9-%d9%84%d8%aa%d9%86%d8%b3%d9%8a%d9%82-%d8%a7%d9%84%d8%aa%d8%b9%d9%84%d9%8a%d9%85-%d8%a7%d9%84%d8%b9%d8%a7%d9%84%d9%8a-1152435.html
"تصريحات ميارة بشأن ""استرجاع سبتة ومليلية"" تثير زوبعة سياسية في إسبانيا",الثلاثاء 11 أبريل 2023 - 10:00,https://www.hespress.com/%d8%aa%d8%b5%d8%b1%d9%8a%d8%ad%d8%a7%d8%aa-%d9%85%d9%8a%d8%a7%d8%b1%d8%a9-%d8%a8%d8%b4%d8%a3%d9%86-%d8%a7%d8%b3%d8%aa%d8%b1%d8%ac%d8%a7%d8%b9-%d8%b3%d8%a8%d8%aa%d8%a9-%d9%88%d9%85%d9%84%d9%8a%d9%84-1152419.html
"هل تنجح وساطات قبل ""القمة العربية"" لاحتواء الخلافات المغربية الجزائرية؟",الثلاثاء 11 أبريل 2023 - 09:00,https://www.hespress.com/%d9%87%d9%84-%d8%aa%d9%86%d8%ac%d8%ad-%d8%ac%d9%87%d9%88%d8%af-%d8%a7%d9%84%d9%88%d8%b3%d8%a7%d8%b7%d8%a7%d8%aa-%d9%82%d8%a8%d9%84-%d8%a7%d9%84%d9%82%d9%85%d8%a9-%d8%a7%d9%84%d8%b9%d8%b1%d8%a8%d9%8a-1152528.html
"""النواب"" يدرس الرفع من جودة وحصيلة مقترحات القوانين في الدورة الربيعية",الثلاثاء 11 أبريل 2023 - 07:00,https://www.hespress.com/%d9%85%d8%ac%d9%84%d8%b3-%d8%a7%d9%84%d9%86%d9%88%d8%a7%d8%a8-%d9%8a%d8%af%d8%b1%d8%b3-%d8%a7%d9%84%d8%b1%d9%81%d8%b9-%d9%85%d9%86-%d8%ac%d9%88%d8%af%d8%a9-%d9%88%d8%ad%d8%b5%d9%8a%d9%84%d8%a9-%d9%85-1152251.html
"‪إسبانيا والمغرب يشرعان في إخراج ""مشروع النفق البحري"" إلى حيز الوجود‬",الإثنين 10 أبريل 2023 - 23:00,https://www.hespress.com/%e2%80%aa%d8%a5%d8%b3%d8%a8%d8%a7%d9%86%d9%8a%d8%a7-%d9%88%d8%a7%d9%84%d9%85%d8%ba%d8%b1%d8%a8-%d9%8a%d8%b4%d8%b1%d8%b9%d8%a7%d9%86-%d9%81%d9%8a-%d8%a5%d8%ae%d8%b1%d8%a7%d8%ac-%d9%85%d8%b4%d8%b1-1152502.html
أخنوش يترأس اجتماع لجنة الحماية الاجتماعية‬,الإثنين 10 أبريل 2023 - 21:30,https://www.hespress.com/%d8%a3%d8%ae%d9%86%d9%88%d8%b4-%d9%8a%d8%aa%d8%b1%d8%a3%d8%b3-%d8%a7%d8%ac%d8%aa%d9%85%d8%a7%d8%b9-%d9%84%d8%ac%d9%86%d8%a9-%d8%a7%d9%84%d8%ad%d9%85%d8%a7%d9%8a%d8%a9-%d8%a7%d9%84%d8%a7%d8%ac%d8%aa-1152483.html
تفاصيل مرسوم يحدد كيفيات تقديم الدعم للأمازيغية والرقمنة وتحديث الإدارة,الإثنين 10 أبريل 2023 - 21:00,https://www.hespress.com/%d8%aa%d9%81%d8%a7%d8%b5%d9%8a%d9%84-%d9%85%d8%b1%d8%b3%d9%88%d9%85-%d9%8a%d8%ad%d8%af%d8%af-%d9%83%d9%8a%d9%81%d9%8a%d8%a7%d8%aa-%d8%aa%d9%82%d8%af%d9%8a%d9%85-%d8%a7%d9%84%d8%af%d8%b9%d9%85-%d9%84-1152171.html
"حزب ""بيجيدي"" لا يشارك في انتخابات جزئية",الإثنين 10 أبريل 2023 - 20:21,https://www.hespress.com/%d8%ad%d8%b2%d8%a8-%d8%a8%d9%8a%d8%ac%d9%8a%d8%af%d9%8a-%d9%84%d8%a7-%d9%8a%d8%b4%d8%a7%d8%b1%d9%83-%d9%81%d9%8a-%d8%a7%d9%86%d8%aa%d8%ae%d8%a7%d8%a8%d8%a7%d8%aa-%d8%ac%d8%b2%d8%a6%d9%8a%d8%a9-1152263.html
"تجاهل ارتفاع الأسعار في بلاغ قيادة حزب ""الميزان"" يثير حفيظة استقلاليين",الإثنين 10 أبريل 2023 - 20:00,https://www.hespress.com/%d8%aa%d8%ac%d8%a7%d9%87%d9%84-%d8%a8%d9%84%d8%a7%d8%ba-%d8%a7%d9%84%d9%84%d8%ac%d9%86%d8%a9-%d8%a7%d9%84%d8%aa%d9%86%d9%81%d9%8a%d8%b0%d9%8a%d8%a9-%d9%84%d9%84%d8%ad%d8%b2%d8%a8-%d8%a7%d8%b1%d8%aa-1152336.html
لجنة برلمانية ترفض تنظيم انتخابات الصيادلة,الإثنين 10 أبريل 2023 - 16:52,https://www.hespress.com/%d9%84%d8%ac%d9%86%d8%a9-%d8%a8%d8%b1%d9%84%d9%85%d8%a7%d9%86%d9%8a%d8%a9-%d8%aa%d8%b1%d9%81%d8%b6-%d8%aa%d9%86%d8%b8%d9%8a%d9%85-%d8%a7%d9%86%d8%aa%d8%ae%d8%a7%d8%a8%d8%a7%d8%aa-%d8%a7%d9%84%d8%b5-1152268.html
وزيرة الدفاع الإسبانية ترد على النعم ميارة,الإثنين 10 أبريل 2023 - 15:59,https://www.hespress.com/%d9%88%d8%b2%d9%8a%d8%b1%d8%a9-%d8%a7%d9%84%d8%af%d9%81%d8%a7%d8%b9-%d8%a7%d9%84%d8%a5%d8%b3%d8%a8%d8%a7%d9%86%d9%8a%d8%a9-%d8%aa%d8%b1%d8%af-%d8%b9%d9%84%d9%89-%d8%a7%d9%84%d9%86%d8%b9%d9%85-%d9%85-1152287.html
مجلس الحكومة يتدارس تسيير قطاع الصحافة,الإثنين 10 أبريل 2023 - 14:45,https://www.hespress.com/%d9%85%d8%ac%d9%84%d8%b3-%d8%a7%d9%84%d8%ad%d9%83%d9%88%d9%85%d8%a9-%d9%8a%d8%aa%d8%af%d8%a7%d8%b1%d8%b3-%d8%aa%d8%b3%d9%8a%d9%8a%d8%b1-%d9%82%d8%b7%d8%a7%d8%b9-%d8%a7%d9%84%d8%b5%d8%ad%d8%a7%d9%81-1152233.html
مجلس النواب يفتتح الدورة الثانية الجمعة,الإثنين 10 أبريل 2023 - 14:14,https://www.hespress.com/%d9%85%d8%ac%d9%84%d8%b3-%d8%a7%d9%84%d9%86%d9%88%d8%a7%d8%a8-%d9%8a%d9%81%d8%aa%d8%aa%d8%ad-%d8%a7%d9%84%d8%af%d9%88%d8%b1%d8%a9-%d8%a7%d9%84%d8%ab%d8%a7%d9%86%d9%8a%d8%a9-%d8%a7%d9%84%d8%ac%d9%85-1152187.html
قادة الأغلبية يجتمعون في إفطار رمضاني,الإثنين 10 أبريل 2023 - 14:01,https://www.hespress.com/%d9%82%d8%a7%d8%af%d8%a9-%d8%a7%d9%84%d8%a3%d8%ba%d9%84%d8%a8%d9%8a%d8%a9-%d9%8a%d8%ac%d8%aa%d9%85%d8%b9%d9%88%d9%86-%d9%81%d9%8a-%d8%a5%d9%81%d8%b7%d8%a7%d8%b1-%d8%b1%d9%85%d8%b6%d8%a7%d9%86%d9%8a-1152141.html
المعارضة البرلمانية تفشل في تقصي حقائق تسويق المحروقات الروسي‬ة بالمغرب,الإثنين 10 أبريل 2023 - 12:00,https://www.hespress.com/%d8%a7%d9%84%d9%85%d8%b9%d8%a7%d8%b1%d8%b6%d8%a9-%d8%a7%d9%84%d8%a8%d8%b1%d9%84%d9%85%d8%a7%d9%86%d9%8a%d8%a9-%d8%aa%d9%81%d8%b4%d9%84-%d9%81%d9%8a-%d8%aa%d9%82%d8%b5%d9%8a-%d8%ad%d9%82%d8%a7%d8%a6-1152065.html
دلالات ورهانات استقبال مدير وكالة الاستخبارات الأمريكية من طرف حموشي,الإثنين 10 أبريل 2023 - 09:00,https://www.hespress.com/%d8%af%d9%84%d8%a7%d9%84%d8%a7%d8%aa-%d9%88%d8%b1%d9%87%d8%a7%d9%86%d8%a7%d8%aa-%d8%a7%d8%b3%d8%aa%d9%82%d8%a8%d8%a7%d9%84-%d9%85%d8%af%d9%8a%d8%b1-%d9%88%d9%83%d8%a7%d9%84%d8%a9-%d8%a7%d9%84%d8%a7-1151858.html
سفراء يشيدون بملك المغرب في برازيليا,الإثنين 10 أبريل 2023 - 00:05,https://www.hespress.com/%d8%b3%d9%81%d8%b1%d8%a7%d8%a1-%d9%8a%d8%b4%d9%8a%d8%af%d9%88%d9%86-%d8%a8%d9%85%d9%84%d9%83-%d8%a7%d9%84%d9%85%d8%ba%d8%b1%d8%a8-%d9%81%d9%8a-%d8%a8%d8%b1%d8%a7%d8%b2%d9%8a%d9%84%d9%8a%d8%a7-1151975.html
هذه مشاريع قوانين جاهزة بمجلس النواب تنتظر المصادقة بعد افتتاح البرلمان,الأحد 9 أبريل 2023 - 17:00,https://www.hespress.com/%d9%87%d8%b0%d9%87-%d9%85%d8%b4%d8%a7%d8%b1%d9%8a%d8%b9-%d9%82%d9%88%d8%a7%d9%86%d9%8a%d9%86-%d8%ac%d8%a7%d9%87%d8%b2%d8%a9-%d8%a8%d9%85%d8%ac%d9%84%d8%b3-%d8%a7%d9%84%d9%86%d9%88%d8%a7%d8%a8-%d8%aa-1151734.html
المعارضة البرلمانية تحتاج انخراط الأغلبية للتحقيق في استيراد الغاز الروسي,الأحد 9 أبريل 2023 - 14:00,https://www.hespress.com/%d8%a7%d9%84%d9%85%d8%b9%d8%a7%d8%b1%d8%b6%d8%a9-%d8%a7%d9%84%d8%a8%d8%b1%d9%84%d9%85%d8%a7%d9%86%d9%8a%d8%a9-%d8%aa%d8%a8%d8%ad%d8%ab-%d8%a7%d9%86%d8%ae%d8%b1%d8%a7%d8%b7-%d8%a7%d9%84%d8%a3%d8%ba-1151658.html
الحكومة تلجأ إلى مسطرة التشريع بين الدورات لتنظيم انتخابات الصيادلة,الأحد 9 أبريل 2023 - 11:00,https://www.hespress.com/%d8%a7%d9%84%d8%ad%d9%83%d9%88%d9%85%d8%a9-%d8%aa%d9%84%d8%ac%d8%a3-%d8%a5%d9%84%d9%89-%d9%85%d8%b3%d8%b7%d8%b1%d8%a9-%d8%a7%d9%84%d8%aa%d8%b4%d8%b1%d9%8a%d8%b9-%d8%a8%d9%8a%d9%86-%d8%a7%d9%84%d8%af-1151573.html
أجندة القمة العربية بالسعودية تسائل مستقبل العلاقات المغرب‬ية السورية,الأحد 9 أبريل 2023 - 10:00,https://www.hespress.com/%d8%a3%d8%ac%d9%86%d8%af%d8%a9-%d8%a7%d9%84%d9%82%d9%85%d8%a9-%d8%a7%d9%84%d8%b9%d8%b1%d8%a8%d9%8a%d8%a9-%d8%a8%d8%a7%d9%84%d8%b3%d8%b9%d9%88%d8%af%d9%8a%d8%a9-%d8%aa%d8%b3%d8%a7%d8%a6%d9%84-%d9%85-1151287.html
دينامية الشراكة المغربية الأمريكية تتحدى تهديدات الأمن بالساحل والصحراء,الأحد 9 أبريل 2023 - 08:00,https://www.hespress.com/%d8%af%d9%8a%d9%86%d8%a7%d9%85%d9%8a%d8%a9-%d8%a7%d9%84%d8%b4%d8%b1%d8%a7%d9%83%d8%a9-%d8%a7%d9%84%d9%85%d8%ba%d8%b1%d8%a8%d9%8a%d8%a9-%d8%a7%d9%84%d8%a3%d9%85%d8%b1%d9%8a%d9%83%d9%8a%d8%a9-%d8%aa-1151420.html
البرازيل تتمسك بالحكمة في ملف الصحراء,السبت 8 أبريل 2023 - 18:05,https://www.hespress.com/%d8%a7%d9%84%d8%a8%d8%b1%d8%a7%d8%b2%d9%8a%d9%84-%d8%aa%d9%85%d9%8a%d9%84-%d9%84%d9%84%d8%ad%d9%83%d9%85%d8%a9-%d9%81%d9%8a-%d9%82%d8%b6%d9%8a%d8%a9-%d8%a7%d9%84%d8%b5%d8%ad%d8%b1%d8%a7%d8%a1-1151282.html
"بوريطة يحذر ""وسطاء الفيزا"" من التبعات الزجرية لابتزاز المرتفقين المغاربة",السبت 8 أبريل 2023 - 16:00,https://www.hespress.com/%d8%a8%d9%88%d8%b1%d9%8a%d8%b7%d8%a9-%d9%8a%d8%ad%d8%b0%d8%b1-%d9%88%d8%b3%d8%b7%d8%a7%d8%a1-%d8%a7%d9%84%d9%81%d9%8a%d8%b2%d8%a7-%d9%85%d9%86-%d8%a7%d9%84%d8%aa%d8%a8%d8%b9%d8%a7%d8%aa-%d8%a7-1151225.html
"""التعاون الإسلامي"" تشيد بلجنة القدس",السبت 8 أبريل 2023 - 13:35,https://www.hespress.com/%d8%a7%d9%84%d8%aa%d8%b9%d8%a7%d9%88%d9%86-%d8%a7%d9%84%d8%a7%d8%b3%d9%84%d8%a7%d9%85%d9%8a-%d8%aa%d8%b4%d9%8a%d8%af-%d8%a8%d9%84%d8%ac%d9%86%d8%a9-%d8%a7%d9%84%d9%82%d8%af%d8%b3-1151182.html
أحزاب المعارضة تعتزم عقد لقاءات لمناقشة الوضعية الاقتصادية في المغرب,السبت 8 أبريل 2023 - 12:00,https://www.hespress.com/%d8%a3%d8%ad%d8%b2%d8%a7%d8%a8-%d8%a7%d9%84%d9%85%d8%b9%d8%a7%d8%b1%d8%b6%d8%a9-%d8%aa%d8%b9%d8%aa%d8%b2%d9%85-%d8%b9%d9%82%d8%af-%d9%84%d9%82%d8%a7%d8%a1%d8%a7%d8%aa-%d9%84%d9%85%d9%86%d8%a7%d9%82-1151008.html
تحديث القوات المسلحة الملكية يعتمد على تأهيل الأفراد والانفتاح على العتاد,السبت 8 أبريل 2023 - 10:00,https://www.hespress.com/%d8%aa%d8%ad%d8%af%d9%8a%d8%ab-%d8%a7%d9%84%d9%82%d9%88%d8%a7%d8%aa-%d8%a7%d9%84%d9%85%d8%b3%d9%84%d8%ad%d8%a9-%d8%a7%d9%84%d9%85%d9%84%d9%83%d9%8a%d8%a9-%d9%8a%d8%b9%d8%aa%d9%85%d8%af-%d8%b9%d9%84-1151022.html
"بوصوف يقارب النظام العالمي الجديد بين ""نهايات التاريخ والتطور الأيديولوجي""",السبت 8 أبريل 2023 - 07:00,https://www.hespress.com/%d8%a8%d9%88%d8%b5%d9%88%d9%81-%d9%8a%d9%82%d8%a7%d8%b1%d8%a8-%d8%a7%d9%84%d9%86%d8%b8%d8%a7%d9%85-%d8%a7%d9%84%d8%b9%d8%a7%d9%84%d9%85%d9%8a-%d8%a7%d9%84%d8%ac%d8%af%d9%8a%d8%af-%d8%a8%d9%8a%d9%86-1150989.html
"وقفة تستنكر ""همجية اقتحامات الأقصى"" وتصدح بإغلاق مكتب إسرائيل بالرباط",السبت 8 أبريل 2023 - 01:00,https://www.hespress.com/%d9%88%d9%82%d9%81%d8%a9-%d8%aa%d8%b3%d8%aa%d9%86%d9%83%d8%b1-%d9%87%d9%85%d8%ac%d9%8a%d8%a9-%d8%a7%d9%82%d8%aa%d8%ad%d8%a7%d9%85%d8%a7%d8%aa-%d8%a7%d9%84%d8%a3%d9%82%d8%b5%d9%89-%d9%88%d8%aa-1151027.html
حموشي يلتقي بمدير الاستخبارات الأمريكية,الجمعة 7 أبريل 2023 - 23:28,https://www.hespress.com/%d8%ad%d9%85%d9%88%d8%b4%d9%8a-%d9%8a%d9%84%d8%aa%d9%82%d9%8a-%d8%a8%d9%85%d8%af%d9%8a%d8%b1-%d8%a7%d9%84%d8%a7%d8%b3%d8%aa%d8%ae%d8%a8%d8%a7%d8%b1%d8%a7%d8%aa-%d8%a7%d9%84%d8%a3%d9%85%d8%b1%d9%8a-1150983.html
مطالب بتقصي حقائق الغازوال الروسي,الجمعة 7 أبريل 2023 - 22:27,https://www.hespress.com/%d9%85%d8%b7%d8%a7%d9%84%d8%a8-%d8%a8%d8%aa%d9%82%d8%b5%d9%8a-%d8%a7%d9%84%d8%ad%d9%82%d8%a7%d8%a6%d9%82-%d8%ad%d9%88%d9%84-%d8%a7%d9%84%d8%ba%d8%a7%d8%b2%d9%88%d8%a7%d9%84-%d8%a7%d9%84%d8%b1%d9%88-1150957.html
‪هل يستثني بوتين جبهة البوليساريو من حضور ثاني قمة روسية إفريقية؟‬,الجمعة 7 أبريل 2023 - 21:00,https://www.hespress.com/%e2%80%aa%d9%87%d9%84-%d9%8a%d8%b3%d8%aa%d8%ab%d9%86%d9%8a-%d8%a8%d9%88%d8%aa%d9%8a%d9%86-%d8%ac%d8%a8%d9%87%d8%a9-%d8%a7%d9%84%d8%a8%d9%88%d9%84%d9%8a%d8%b3%d8%a7%d8%b1%d9%8a%d9%88-%d9%85%d9%86-1150613.html
هل يؤثر ترؤس روسيا اجتماع مجلس الأمن على قضية الصحراء المغربية؟‬,الجمعة 7 أبريل 2023 - 16:00,https://www.hespress.com/%d9%87%d9%84-%d9%8a%d8%a4%d8%ab%d8%b1-%d8%aa%d8%b1%d8%a4%d8%b3-%d8%b1%d9%88%d8%b3%d9%8a%d8%a7-%d8%a7%d8%ac%d8%aa%d9%85%d8%a7%d8%b9-%d9%85%d8%ac%d9%84%d8%b3-%d8%a7%d9%84%d8%a3%d9%85%d9%86-%d8%b9%d9%84-1150654.html
المغرب يلغي جميع القيود المفروضة على المسافرين القادمين من الصين,الجمعة 7 أبريل 2023 - 10:55,https://www.hespress.com/%d8%a7%d9%84%d9%85%d8%ba%d8%b1%d8%a8-%d9%8a%d9%84%d8%ba%d9%8a-%d8%ac%d9%85%d9%8a%d8%b9-%d8%a7%d9%84%d9%82%d9%8a%d9%88%d8%af-%d8%a7%d9%84%d9%85%d9%81%d8%b1%d9%88%d8%b6%d8%a9-%d8%b9%d9%84%d9%89-%d8%a7-1150560.html
التصعيد الإسرائيلي في مدينة القدس يؤثر على العلاقات بين الرباط وتل أبيب,الجمعة 7 أبريل 2023 - 10:00,https://www.hespress.com/%d8%a7%d9%84%d8%aa%d8%b5%d8%b9%d9%8a%d8%af-%d8%a7%d9%84%d8%a5%d8%b3%d8%b1%d8%a7%d8%a6%d9%8a%d9%84%d9%8a-%d9%81%d9%8a-%d9%85%d8%af%d9%8a%d9%86%d8%a9-%d8%a7%d9%84%d9%82%d8%af%d8%b3-%d9%8a%d8%a4%d8%ab-1150139.html
المصادقة على تعيينات في مناصب عليا,الخميس 6 أبريل 2023 - 19:22,https://www.hespress.com/%d8%a7%d9%84%d9%85%d8%b5%d8%a7%d8%af%d9%82%d8%a9-%d8%b9%d9%84%d9%89-%d8%aa%d8%b9%d9%8a%d9%8a%d9%86%d8%a7%d8%aa-%d9%81%d9%8a-%d9%85%d9%86%d8%a7%d8%b5%d8%a8-%d8%b9%d9%84%d9%8a%d8%a7-1150251.html
"""البوليساريو"" تستبق اجتماع مجلس الأمن بالتشويش على رئاسة الجلسة الأممية",الخميس 6 أبريل 2023 - 19:00,https://www.hespress.com/%d8%a7%d9%84%d8%a8%d9%88%d9%84%d9%8a%d8%b3%d8%a7%d8%b1%d9%8a%d9%88-%d8%aa%d8%b3%d8%aa%d8%a8%d9%82-%d8%a7%d8%ac%d8%aa%d9%85%d8%a7%d8%b9-%d9%85%d8%ac%d9%84%d8%b3-%d8%a7%d9%84%d8%a3%d9%85%d9%86-1150067.html
"الملك: رحيل خالد الناصري ""رزء فادح""",الخميس 6 أبريل 2023 - 18:12,https://www.hespress.com/%d8%a7%d9%84%d9%85%d9%84%d9%83-%d8%b1%d8%ad%d9%8a%d9%84-%d8%ae%d8%a7%d9%84%d8%af-%d8%a7%d9%84%d9%86%d8%a7%d8%b5%d8%b1%d9%8a-%d8%b1%d8%b2%d8%a1-%d9%81%d8%a7%d8%af%d8%ad-1150259.html
"""التوحيد والإصلاح"" تندد بالإجرام الصهيوني",الخميس 6 أبريل 2023 - 16:08,https://www.hespress.com/%d8%a7%d9%84%d8%aa%d9%88%d8%ad%d9%8a%d8%af-%d9%88%d8%a7%d9%84%d8%a5%d8%b5%d9%84%d8%a7%d8%ad-%d8%aa%d9%86%d8%af%d8%af-%d8%a8%d8%a7%d9%84%d8%a5%d8%ac%d8%b1%d8%a7%d9%85-%d8%a7%d9%84%d8%b5%d9%87%d9%8a-1150106.html
بايتاس: الحكومة تواكب ملف الأسعار.. وخط الائتمان يعكس قوة الاقتصاد,الخميس 6 أبريل 2023 - 15:00,https://www.hespress.com/%d8%a8%d8%a7%d9%8a%d8%aa%d8%a7%d8%b3-%d8%a7%d9%84%d8%ad%d9%83%d9%88%d9%85%d8%a9-%d8%aa%d9%88%d8%a7%d9%83%d8%a8-%d9%85%d9%84%d9%81-%d8%a7%d9%84%d8%a3%d8%b3%d8%b9%d8%a7%d8%b1-%d9%88%d8%ae%d8%b7-1150147.html
ركائز دبلوماسية الرباط مع مدريد .. الصحراء المغربية والتعاون الأمني والهجرة,الخميس 6 أبريل 2023 - 03:00,https://www.hespress.com/%d8%b1%d9%83%d8%a7%d8%a6%d8%b2-%d8%af%d8%a8%d9%84%d9%88%d9%85%d8%a7%d8%b3%d9%8a%d8%a9-%d8%a7%d9%84%d8%b1%d8%a8%d8%a7%d8%b7-%d9%85%d8%b9-%d9%85%d8%af%d8%b1%d9%8a%d8%af-%d8%a7%d9%84%d8%b5%d8%ad%d8%b1-1149956.html
الوزير الأسبق خالد الناصري في ذمة الله,الأربعاء 5 أبريل 2023 - 23:16,https://www.hespress.com/%d8%a7%d9%84%d9%88%d8%b2%d9%8a%d8%b1-%d8%a7%d9%84%d8%a3%d8%b3%d8%a8%d9%82-%d8%ae%d8%a7%d9%84%d8%af-%d8%a7%d9%84%d9%86%d8%a7%d8%b5%d8%b1%d9%8a-%d9%81%d9%8a-%d8%b0%d9%85%d8%a9-%d8%a7%d9%84%d9%84%d9%87-1149918.html
"حيار تدعو إلى مراعاة ""مصلحة الأطفال الفضلى"" لضمان العدالة الأسرية بالمغرب",الأربعاء 5 أبريل 2023 - 23:00,https://www.hespress.com/%d8%ad%d9%8a%d8%a7%d8%b1-%d8%aa%d8%af%d8%b9%d9%88-%d8%a5%d9%84%d9%89-%d9%85%d8%b1%d8%a7%d8%b9%d8%a7%d8%a9-%d9%85%d8%b5%d9%84%d8%ad%d8%a9-%d8%a7%d9%84%d8%a3%d8%b7%d9%81%d8%a7%d9%84-%d8%a7%d9%84%d9%81-1149589.html
ثورة فئة الشباب تدفع جبهة البوليساريو إلى تكثيف القمع في مخيمات تندوف‬,الأربعاء 5 أبريل 2023 - 21:00,https://www.hespress.com/%d8%ab%d9%88%d8%b1%d8%a9-%d9%81%d8%a6%d8%a9-%d8%a7%d9%84%d8%b4%d8%a8%d8%a7%d8%a8-%d8%aa%d8%af%d9%81%d8%b9-%d8%ac%d8%a8%d9%87%d8%a9-%d8%a7%d9%84%d8%a8%d9%88%d9%84%d9%8a%d8%b3%d8%a7%d8%b1%d9%8a%d9%88-1149791.html
السفير العمراني يفضح التوافق الأعمى لجنوب إفريقيا مع الجزائر لدعم الانفصال,الأربعاء 5 أبريل 2023 - 14:00,https://www.hespress.com/%d8%a7%d9%84%d8%b3%d9%81%d9%8a%d8%b1-%d8%a7%d9%84%d8%b9%d9%85%d8%b1%d8%a7%d9%86%d9%8a-%d9%8a%d9%81%d8%b6%d8%ad-%d8%a7%d9%84%d8%aa%d9%88%d8%a7%d9%81%d9%82-%d8%a7%d9%84%d8%a3%d8%b9%d9%85%d9%89-%d9%84-1149550.html
المغرب يدين اقتحام المسجد الأقصى المبارك,الأربعاء 5 أبريل 2023 - 12:37,https://www.hespress.com/%d8%a7%d9%84%d9%85%d8%ba%d8%b1%d8%a8-%d9%8a%d8%af%d9%8a%d9%86-%d8%a7%d9%82%d8%aa%d8%ad%d8%a7%d9%85-%d8%a7%d9%84%d9%85%d8%b3%d8%ac%d8%af-%d8%a7%d9%84%d8%a3%d9%82%d8%b5%d9%89-%d8%a7%d9%84%d9%85%d8%a8-1149513.html
اجتماع عربي يبحث تطورات المسجد الأقصى,الأربعاء 5 أبريل 2023 - 12:16,https://www.hespress.com/%d8%a7%d8%ac%d8%aa%d9%85%d8%a7%d8%b9-%d8%b9%d8%b1%d8%a8%d9%8a-%d8%b7%d8%a7%d8%b1%d8%a6-%d9%8a%d8%a8%d8%ad%d8%ab-%d8%aa%d8%b7%d9%88%d8%b1%d8%a7%d8%aa-%d8%a7%d9%84%d9%85%d8%b3%d8%ac%d8%af-%d8%a7%d9%84-1149490.html
باحثون يواكبون قضية الصحراء المغربية,الأربعاء 5 أبريل 2023 - 10:20,https://www.hespress.com/%d8%a8%d8%a7%d8%ad%d8%ab%d9%88%d9%86-%d9%8a%d9%88%d8%a7%d9%83%d8%a8%d9%88%d9%86-%d9%82%d8%b6%d9%8a%d8%a9-%d8%a7%d9%84%d8%b5%d8%ad%d8%b1%d8%a7%d8%a1-%d8%a7%d9%84%d9%85%d8%ba%d8%b1%d8%a8%d9%8a%d8%a9-1149082.html
الجامعة العربية تدين اقتحام المسجد الأقصى,الأربعاء 5 أبريل 2023 - 09:06,https://www.hespress.com/%d8%ac%d8%a7%d9%85%d8%b9%d8%a9-%d8%a7%d9%84%d8%b9%d8%b1%d8%a8%d9%8a%d8%a9-%d8%aa%d8%af%d9%8a%d9%86-%d8%a7%d9%82%d8%aa%d8%ad%d8%a7%d9%85-%d8%a7%d9%84%d9%85%d8%b3%d8%ac%d8%af-%d8%a7%d9%84%d8%a3%d9%82-1149422.html
غيات يذكر بروابط المغرب وعمق إفريقيا,الأربعاء 5 أبريل 2023 - 04:37,https://www.hespress.com/%d8%ba%d9%8a%d8%a7%d8%aa-%d9%8a%d8%b0%d9%83%d8%b1-%d8%a8%d8%b1%d9%88%d8%a7%d8%a8%d8%b7-%d8%a7%d9%84%d9%85%d8%ba%d8%b1%d8%a8-%d9%88%d8%b9%d9%85%d9%82-%d8%a5%d9%81%d8%b1%d9%8a%d9%82%d9%8a%d8%a7-1149400.html
حكومة إسبانيا تؤكد تراجع أعداد المهاجرين السريين الوافدين من المغرب,الثلاثاء 4 أبريل 2023 - 21:00,https://www.hespress.com/%d8%ad%d9%83%d9%88%d9%85%d8%a9-%d8%a5%d8%b3%d8%a8%d8%a7%d9%86%d9%8a%d8%a7-%d8%aa%d8%a4%d9%83%d8%af-%d8%aa%d8%b1%d8%a7%d8%ac%d8%b9-%d8%a3%d8%b9%d8%af%d8%a7%d8%af-%d8%a7%d9%84%d9%85%d9%87%d8%a7%d8%ac-1148993.html
تعيين النساء المغربيات في المناصب الوزارية العليا لا يتجاوز نسبة 20 بالمائة,الثلاثاء 4 أبريل 2023 - 15:00,https://www.hespress.com/%d8%ad%d8%b6%d9%88%d8%b1-%d8%a7%d9%84%d9%85%d8%ba%d8%b1%d8%a8%d9%8a%d8%a7%d8%aa-%d8%b6%d9%85%d9%86-%d8%a7%d9%84%d9%85%d9%86%d8%a7%d8%b5%d8%a8-%d8%a7%d9%84%d9%88%d8%b2%d8%a7%d8%b1%d9%8a%d8%a9-%d8%a7-1148726.html
الحركة في ملف لخصم: القانون فوق الجميع,الثلاثاء 4 أبريل 2023 - 12:37,https://www.hespress.com/%d8%a7%d9%84%d8%ad%d8%b1%d9%83%d8%a9-%d9%81%d9%8a-%d9%85%d9%84%d9%81-%d9%84%d8%ae%d8%b5%d9%85-%d8%a7%d9%84%d9%82%d8%a7%d9%86%d9%88%d9%86-%d9%81%d9%88%d9%82-%d8%a7%d9%84%d8%ac%d9%85%d9%8a%d8%b9-1148950.html
اجتماع موسع لأحزاب الأغلبية الحكومية في ظل تداعيات غلاء الأسعار بالمغرب,الثلاثاء 4 أبريل 2023 - 11:00,https://www.hespress.com/%d8%a7%d8%ac%d8%aa%d9%85%d8%a7%d8%b9-%d9%85%d9%88%d8%b3%d8%b9-%d9%84%d8%a3%d8%ad%d8%b2%d8%a7%d8%a8-%d8%a7%d9%84%d8%a3%d8%ba%d9%84%d8%a8%d9%8a%d8%a9-%d8%a7%d9%84%d8%ad%d9%83%d9%88%d9%85%d9%8a%d8%a9-1148785.html
"مقاتلات ""إف 16"" المغربية تتزود برادارات فعالة أمام التهديدات الميدانية",الثلاثاء 4 أبريل 2023 - 10:00,https://www.hespress.com/%d9%85%d9%82%d8%a7%d8%aa%d9%84%d8%a7%d8%aa-%d8%a5%d9%81-16-%d8%a7%d9%84%d9%85%d8%ba%d8%b1%d8%a8%d9%8a%d8%a9-%d8%aa%d8%aa%d8%b2%d9%88%d8%af-%d8%a8%d8%b1%d8%a7%d8%af%d8%a7%d8%b1%d8%a7%d8%aa-%d9%81-1148477.html
اعتبارات متعددة تحيط بمسار قضية الصحراء المغربية في أروقة مجلس الأمن‬,الثلاثاء 4 أبريل 2023 - 08:00,https://www.hespress.com/%d8%a7%d8%b9%d8%aa%d8%a8%d8%a7%d8%b1%d8%a7%d8%aa-%d9%85%d8%aa%d8%b9%d8%af%d8%af%d8%a9-%d8%aa%d8%ad%d9%8a%d8%b7-%d8%a8%d9%85%d8%b3%d8%a7%d8%b1-%d9%82%d8%b6%d9%8a%d8%a9-%d8%a7%d9%84%d8%b5%d8%ad%d8%b1-1148643.html
اختلالات المنتجات الفلاحية تجمع النواب,الثلاثاء 4 أبريل 2023 - 07:46,https://www.hespress.com/%d8%a7%d8%ae%d8%aa%d9%84%d8%a7%d9%84%d8%a7%d8%aa-%d8%a7%d9%84%d9%85%d9%86%d8%aa%d8%ac%d8%a7%d8%aa-%d8%a7%d9%84%d9%81%d9%84%d8%a7%d8%ad%d9%8a%d8%a9-%d8%aa%d8%ac%d9%85%d8%b9-%d8%a7%d9%84%d9%86%d9%88-1148831.html
برلمانيون يربطون إحداث المجموعات الصحية الترابية بتعزيز حقوق الموظفين,الثلاثاء 4 أبريل 2023 - 03:00,https://www.hespress.com/%d8%a8%d8%b1%d9%84%d9%85%d8%a7%d9%86%d9%8a%d9%88%d9%86-%d9%8a%d8%b1%d8%a8%d8%b7%d9%88%d9%86-%d8%a5%d8%ad%d8%af%d8%a7%d8%ab-%d8%a7%d9%84%d9%85%d8%ac%d9%85%d9%88%d8%b9%d8%a7%d8%aa-%d8%a7%d9%84%d8%b5-1148666.html
المغرب يحشد لمواجهة تغير المناخ بإفريقيا,الإثنين 3 أبريل 2023 - 23:51,https://www.hespress.com/%d8%a7%d9%84%d9%85%d8%ba%d8%b1%d8%a8-%d9%8a%d8%ad%d8%b4%d8%af-%d9%84%d9%85%d9%88%d8%a7%d8%ac%d9%87%d8%a9-%d8%aa%d8%ba%d9%8a%d8%b1-%d8%a7%d9%84%d9%85%d9%86%d8%a7%d8%ae-%d8%a8%d8%a5%d9%81%d8%b1%d9%8a-1148770.html
جبهة البوليساريو تستجدي القمة الإيبيرية الأمريكية للتغطية على الورطة الدولية,الإثنين 3 أبريل 2023 - 09:00,https://www.hespress.com/%d8%ac%d8%a8%d9%87%d8%a9-%d8%a7%d9%84%d8%a8%d9%88%d9%84%d9%8a%d8%b3%d8%a7%d8%b1%d9%8a%d9%88-%d8%aa%d8%b3%d8%aa%d8%ac%d8%af%d9%8a-%d8%a7%d9%84%d9%82%d9%85%d8%a9-%d8%a7%d9%84%d8%a5%d9%8a%d8%a8%d9%8a-1148283.html
خبير يشيد بمقاربة المغرب في صد التطرف,الأحد 2 أبريل 2023 - 19:29,https://www.hespress.com/%d8%ae%d8%a8%d9%8a%d8%b1-%d9%8a%d8%b4%d9%8a%d8%af-%d8%a8%d9%85%d9%82%d8%a7%d8%b1%d8%a8%d8%a9-%d8%a7%d9%84%d9%85%d8%ba%d8%b1%d8%a8-%d9%81%d9%8a-%d8%b5%d8%af-%d8%a7%d9%84%d8%aa%d8%b7%d8%b1%d9%81-1148092.html
التجمعيون يردون على التقدميين: فقدان الرصيد السياسي يدفع نحو التأزيم‬,الأحد 2 أبريل 2023 - 19:00,https://www.hespress.com/%d8%a7%d9%84%d8%aa%d8%ac%d9%85%d8%b9%d9%8a%d9%88%d9%86-%d9%8a%d8%b1%d8%af%d9%88%d9%86-%d8%b9%d9%84%d9%89-%d8%a7%d9%84%d8%aa%d9%82%d8%af%d9%85%d9%8a%d9%8a%d9%86-%d9%81%d9%82%d8%af%d8%a7%d9%86-%d8%a7-1148105.html
"التجمع الوطني للأحرار: رسالة التقدم والاشتراكية ""خارج الأعراف الديمقراطية""",الأحد 2 أبريل 2023 - 12:40,https://www.hespress.com/%d8%a7%d9%84%d8%aa%d8%ac%d9%85%d8%b9-%d8%a7%d9%84%d9%88%d8%b7%d9%86%d9%8a-%d9%84%d9%84%d8%a3%d8%ad%d8%b1%d8%a7%d8%b1-%d8%b1%d8%b3%d8%a7%d9%84%d8%a9-%d8%a7%d9%84%d8%aa%d9%82%d8%af%d9%85-%d9%88%d8%a7-1147934.html
منظمة حقوقية تردّ على رافضي التطبيع,الأحد 2 أبريل 2023 - 04:11,https://www.hespress.com/%d9%85%d9%86%d8%b8%d9%85%d8%a9-%d8%ad%d9%82%d9%88%d9%82%d9%8a%d8%a9-%d8%aa%d8%b1%d8%af%d9%91-%d8%b9%d9%84%d9%89-%d8%b1%d8%a7%d9%81%d8%b6%d9%8a-%d8%a7%d9%84%d8%aa%d8%b7%d8%a8%d9%8a%d8%b9-1147845.html
فاعلون مدنيون وسياسيون يستعجلون تذليل عوائق الديمقراطية التشاركية,الأحد 2 أبريل 2023 - 04:00,https://www.hespress.com/%d9%81%d8%a7%d8%b9%d9%84%d9%88%d9%86-%d9%85%d8%af%d9%86%d9%8a%d9%88%d9%86-%d9%88%d8%b3%d9%8a%d8%a7%d8%b3%d9%8a%d9%88%d9%86-%d9%8a%d8%b3%d8%aa%d8%b9%d8%ac%d9%84%d9%88%d9%86-%d8%aa%d8%b0%d9%84%d9%8a-1147811.html
"عبد الواحد الراضي.. رجل واقعية المصالحة بين ""نعيم القصر وجحيم المعارضة""",الأحد 2 أبريل 2023 - 02:00,https://www.hespress.com/%d8%b9%d8%a8%d8%af-%d8%a7%d9%84%d9%88%d8%a7%d8%ad%d8%af-%d8%a7%d9%84%d8%b1%d8%a7%d8%b6%d9%8a-%d8%b1%d8%ac%d9%84-%d9%88%d8%a7%d9%82%d8%b9%d9%8a%d8%a9-%d8%a7%d9%84%d9%85%d8%b5%d8%a7%d9%84%d8%ad%d8%a9-1147285.html
"هل تفعّل الحكومة الآليات القانونية بهدف لجْم ""الارتفاع الفاحش للأسعار""؟",السبت 1 أبريل 2023 - 21:00,https://www.hespress.com/%d9%87%d9%84-%d8%aa%d9%81%d8%b9%d9%91%d9%84-%d8%a7%d9%84%d8%ad%d9%83%d9%88%d9%85%d8%a9-%d8%a7%d9%84%d8%a2%d9%84%d9%8a%d8%a7%d8%aa-%d8%a7%d9%84%d9%82%d8%a7%d9%86%d9%88%d9%86%d9%8a%d8%a9-%d8%a8%d9%87-1147266.html
"مكتب مجلس النواب يرفض تشكيل مهمة استطلاعية لتقييم أداء ""الطرق السيارة""",السبت 1 أبريل 2023 - 20:00,https://www.hespress.com/%d9%85%d9%83%d8%aa%d8%a8-%d9%85%d8%ac%d9%84%d8%b3-%d8%a7%d9%84%d9%86%d9%88%d8%a7%d8%a8-%d9%8a%d8%b1%d9%81%d8%b6-%d8%aa%d8%b4%d9%83%d9%8a%d9%84-%d9%85%d9%87%d9%85%d8%a9-%d8%a7%d8%b3%d8%aa%d8%b7%d9%84-1147300.html
ذكرى الملك محمد الخامس .. شخصيات مدنية وعسكرية تترحم على أبي الأمة,السبت 1 أبريل 2023 - 17:00,https://www.hespress.com/%d8%b0%d9%83%d8%b1%d9%89-%d8%a7%d9%84%d9%85%d9%84%d9%83-%d9%85%d8%ad%d9%85%d8%af-%d8%a7%d9%84%d8%ae%d8%a7%d9%85%d8%b3-%d8%b4%d8%ae%d8%b5%d9%8a%d8%a7%d8%aa-%d9%85%d8%af%d9%86%d9%8a%d8%a9-%d9%88-1147654.html
"بنكيران يهاجم وهبي في ""ساحة الضريح""",السبت 1 أبريل 2023 - 15:17,https://www.hespress.com/%d8%a8%d9%86%d9%83%d9%8a%d8%b1%d8%a7%d9%86-%d9%8a%d9%87%d8%a7%d8%ac%d9%85-%d9%88%d9%87%d8%a8%d9%8a-%d9%81%d9%8a-%d8%b3%d8%a7%d8%ad%d8%a9-%d8%a7%d9%84%d8%b6%d8%b1%d9%8a%d8%ad-1147612.html
تكاثر الأزمات يطلق مواجهات عنيفة مع قادة البوليساريو في مخيمات تندوف,السبت 1 أبريل 2023 - 14:00,https://www.hespress.com/%d8%aa%d9%83%d8%a7%d8%ab%d8%b1-%d8%a7%d9%84%d8%a3%d8%b2%d9%85%d8%a7%d8%aa-%d9%8a%d8%b7%d9%84%d9%82-%d9%85%d9%88%d8%a7%d8%ac%d9%87%d8%a7%d8%aa-%d8%b9%d9%86%d9%8a%d9%81%d8%a9-%d9%85%d8%b9-%d9%82%d8%a7-1147542.html
"حكم قضية اغتصاب ""يصدم"" وزير العدل",السبت 1 أبريل 2023 - 13:19,https://www.hespress.com/%d8%ad%d9%83%d9%85-%d9%82%d8%b6%d9%8a%d8%a9-%d8%a7%d8%ba%d8%aa%d8%b5%d8%a7%d8%a8-%d9%8a%d8%b5%d8%af%d9%85-%d9%88%d8%b2%d9%8a%d8%b1-%d8%a7%d9%84%d8%b9%d8%af%d9%84-1147496.html
"جدل ""ندوة بايتاس"" يطرح نجاعة تواصل الحكومة خلال الأزمات الاجتماعية",السبت 1 أبريل 2023 - 10:00,https://www.hespress.com/%d8%ac%d8%af%d9%84-%d9%86%d8%af%d9%88%d8%a9-%d8%a8%d8%a7%d9%8a%d8%aa%d8%a7%d8%b3-%d9%8a%d8%b7%d8%b1%d8%ad-%d9%86%d8%ac%d8%a7%d8%b9%d8%a9-%d8%aa%d9%88%d8%a7%d8%b5%d9%84-%d8%a7%d9%84%d8%ad%d9%83-1147177.html
"لجنة المالية بـ""النواب"" تطالع مشروع قانون مكاتب المعلومات الائتمانية",السبت 1 أبريل 2023 - 05:00,https://www.hespress.com/%d9%84%d8%ac%d9%86%d8%a9-%d8%a7%d9%84%d9%85%d8%a7%d9%84%d9%8a%d8%a9-%d8%a8%d9%80%d8%a7%d9%84%d9%86%d9%88%d8%a7%d8%a8-%d8%aa%d9%86%d8%a7%d9%82%d8%b4-%d9%85%d8%b4%d8%b1%d9%88%d8%b9-%d9%82%d8%a7-1147372.html
دي ميستورا يلتقي أطراف نزاع الصحراء ويتشبث بإشراك الجزائر في المفاوضات,الجمعة 31 مارس 2023 - 23:00,https://www.hespress.com/%d8%af%d9%8a-%d9%85%d9%8a%d8%b3%d8%aa%d9%88%d8%b1%d8%a7-%d9%8a%d9%84%d8%aa%d9%82%d9%8a-%d8%a3%d8%b7%d8%b1%d8%a7%d9%81-%d9%86%d8%b2%d8%a7%d8%b9-%d8%a7%d9%84%d8%b5%d8%ad%d8%b1%d8%a7%d8%a1-%d9%88%d9%8a-1147311.html
الاتحاد الأوروبي لهسبريس: الحوار مع المغرب مستمر.. ونحمي اتفاقية الصيد,الجمعة 31 مارس 2023 - 11:00,https://www.hespress.com/%d8%a7%d9%84%d8%a7%d8%aa%d8%ad%d8%a7%d8%af-%d8%a7%d9%84%d8%a3%d9%88%d8%b1%d9%88%d8%a8%d9%8a-%d9%84%d9%87%d8%b3%d8%a8%d8%b1%d9%8a%d8%b3-%d8%a7%d9%84%d8%ad%d9%88%d8%a7%d8%b1-%d9%85%d8%b9-%d8%a7%d9%84-1146989.html
مرسوم يجدد البنية التدبيرية في الوزارات,الجمعة 31 مارس 2023 - 09:20,https://www.hespress.com/%d9%85%d8%b1%d8%b3%d9%88%d9%85-%d9%8a%d8%ac%d8%af%d8%af-%d8%a7%d9%84%d8%a8%d9%86%d9%8a%d8%a9-%d8%a7%d9%84%d8%aa%d8%af%d8%a8%d9%8a%d8%b1%d9%8a%d8%a9-%d9%81%d9%8a-%d8%a7%d9%84%d9%88%d8%b2%d8%a7%d8%b1-1146436.html
رئاسة إسبانيا للاتحاد الأوروبي تصون الشراكة الاستراتيجية مع المغرب,الجمعة 31 مارس 2023 - 08:00,https://www.hespress.com/%d8%b1%d8%a6%d8%a7%d8%b3%d8%a9-%d8%a5%d8%b3%d8%a8%d8%a7%d9%86%d9%8a%d8%a7-%d9%84%d9%84%d8%a7%d8%aa%d8%ad%d8%a7%d8%af-%d8%a7%d9%84%d8%a3%d9%88%d8%b1%d9%88%d8%a8%d9%8a-%d8%aa%d8%b3%d8%a7%d9%87%d9%85-1146536.html
"وقفة تستحضر ""يوم الأرض الفلسطيني""",الجمعة 31 مارس 2023 - 06:10,https://www.hespress.com/%d9%88%d9%82%d9%81%d8%a9-%d8%a8%d9%88%d8%ac%d8%af%d8%a9-%d8%aa%d8%b3%d8%aa%d8%ad%d8%b6%d8%b1-%d9%8a%d9%88%d9%85-%d8%a7%d9%84%d8%a3%d8%b1%d8%b6-%d8%a7%d9%84%d9%81%d9%84%d8%b3%d8%b7%d9%8a%d9%86%d9%8a-1146890.html
مجلس النواب يتفاعل مع مضامين النظام الداخلي المخالفة لبنود الدستور,الجمعة 31 مارس 2023 - 05:00,https://www.hespress.com/%d9%85%d8%ac%d9%84%d8%b3-%d8%a7%d9%84%d9%86%d9%88%d8%a7%d8%a8-%d9%8a%d8%aa%d9%81%d8%a7%d8%b9%d9%84-%d9%85%d8%b9-%d9%85%d8%b6%d8%a7%d9%85%d9%8a%d9%86-%d8%a7%d9%84%d9%86%d8%b8%d8%a7%d9%85-%d8%a7%d9%84-1146546.html
حناجر ناشطين تصدح بالاحتجاج ضد إجرام إسرائيل والتمسك بحقوق فلسطين,الجمعة 31 مارس 2023 - 02:00,https://www.hespress.com/%d8%ad%d9%86%d8%a7%d8%ac%d8%b1-%d9%86%d8%a7%d8%b4%d8%b7%d9%8a%d9%86-%d8%aa%d8%b5%d8%af%d8%ad-%d8%a8%d8%a7%d9%84%d8%a7%d8%ad%d8%aa%d8%ac%d8%a7%d8%ac-%d8%b6%d8%af-%d8%a5%d8%ac%d8%b1%d8%a7%d9%85-%d8%a5-1146952.html
فلسطين توحد شعارات يساريين وإسلاميين,الجمعة 31 مارس 2023 - 00:40,https://www.hespress.com/%d9%81%d9%84%d8%b3%d8%b7%d9%8a%d9%86-%d8%aa%d9%88%d8%ad%d8%af-%d8%b4%d8%b9%d8%a7%d8%b1%d8%a7%d8%aa-%d9%8a%d8%b3%d8%a7%d8%b1%d9%8a%d9%8a%d9%86-%d9%88%d8%a5%d8%b3%d9%84%d8%a7%d9%85%d9%8a%d9%8a%d9%86-1146941.html
